price,title
"24,900원",국내생산) KF94 미세먼지 대형 일회용마스크/손소독제
"60,000원",미세먼지마스크 KF94 황사 JC-91 20매개별묶음 사이즈L
"24,750원",[파스퇴르]무항생제 인증 바른목장 우유(190ml 48입)/멸균우유/ 파스퇴르
"20,900원",[릴리유]릴리유 퓨어핑크 아기물티슈 캡 72매 20팩 E
"13,600원",[고향만두]해태 고향만두1200g+1200g 슈퍼세일 쿠폰적용 10600원
"26,010원",호남평야의 좋은쌀 신동진(19년도햅쌀  상등급)10kg
"23,900원",[아침농산]국산 농부의아침 쌀10kg  백미 2019년산 햅쌀
"44,900원",황금미가 쌀 20kg 19년산 (당일도정)
"30,600원",일회용 마스크(개별포장)20P
"16,900원",와인숙성왕구이 1.2kg+1.2kg/쿠폰적용가 14700원
"9,900원",[현대]오늘 천연펄프100% 각티슈 180매 12개 박스포장
"117,000원",KF94 황사 마스크 일회용마스크 30매 대형
"19,800원",[힐링팩토리]에어로 3D 마스크 블랙 에어가드 세척후 재사용
"76,490원",일회용 마스크(개별포장) 50P
"15,900원",화이트스틱 USB메모리 64G 1+1 벌크포장 외장메모리
"19,900원",공식 맥스크린 살균 소독제 4L 바이러스 예방 살균
"9,900원",데일리 봄신상 양말/페이크삭스 남자여자덧신발목중목
"79,000원",KF80 KF94 일회용 마스크 50매 손소독제 황사
"11,900원",[제주삼다수]제주삼다수 2L 12병/생수전문배송
"13,900원",[청정원]스파게티/파스타소스 600gx3 +면500gx2 증정
"18,900원",[청정원]청정원 집으로ON 순살치킨 3개
"30,320원",[햇반]CJ 햇반 210g x 6EA x 6개(총36개)
"11,700원",올 바른생활 프리미엄 손소독제 3개 세트 에탄올 70%
"20,900원",[진라면]진라면 순한맛 / 매운맛 40개
"17,900원",[오뚜기밥]맛있는 오뚜기밥 210g x 24개입(1박스)
"48,900원",진주닮은쌀 신동진 20kg 19년산 햅쌀 임실농협
"9,900원",재래도시락김16봉 x3개총48봉2세트당+16봉 증정
"23,800원",[제주삼다수]제주삼다수 2L 24병/생수전문배송
"34,900원",50매세트 특가 3D 입체마스크 50장세트 연예인 마스크
"21,520원",[비비고]비비고 갈비탕 400g 5봉
"5,900원",더다다 봄신상 빅사이즈 롱티셔츠/셔츠/원피스
"24,900원",맥스크린살균소독4L+300ml/물량확보/당일출고/퀵배송
"11,900원",치간칫솔/치실/혀클리너/유아용치실 구강용품모음전
"49,800원",대한어패럴 일회용 마스크 10매X3팩
"8,900원",[크리스크리스티]NII 2020 봄신규 맨투맨 외 단독특가 + 20% 추가할인
"6,900원",나노 필터 리필 마스크 KIFA 인증 99.9% 완벽차단 10매
"25,900원",[동원참치]라이트 스탠다드 참치 100g 20캔 원터치
"38,110원",[고래사어묵]고래사 프리미엄 어묵 세트(총 16봉/어볶이+어우동
"23,180원",[CJ] 비비고 왕교자 1.05kgx4봉 + 찐만두 168g 증정
"8,900원",토마토 찰 토마토 2.5kg(5번/소) 2개구매시 5.5kg발송
"16,900원",[데이데이비쥬]아쿠아코랄 물티슈 캡형 70매 10팩 +10팩 총20팩
"26,900원",[신라면]신라면 멀티 40개입 라면/봉지라면
"22,500원",[프렌치카페]카페믹스/믹스커피/ 프렌치카페 커피믹스 300T+블랙20T
"13,900원",[슈퍼대디]슈퍼대디 아기물티슈 오리지널 캡형 70매 10팩(62g)
"10,900원",[너구리]신라면+너구리+짜파게티 15봉
"17,900원",[오뚜기]해물짬뽕+짜장면 멀티팩 8팩(32봉)
"11,900원",[켈로그]허쉬 초코크런치 다크초코 보너스팩 (400g+100g) 3봉지
"28,950원",[에쓰오일](S-OIL) 모바일주유권 3만원/ 실시간발송/ 주유상품권
"32,670원",에틸알콜 95% 무수에탄올99 9% 1L+1L / 4L 무료배송
"14,900원",[육개장]육개장사발면 24개입 박스 스마일배송
"20,900원",[진라면]진라면 순한맛 20봉+매운맛20봉
"11,900원",하루 세척사과 3kg(12-18과내외/가정용흠과) 2박스
"7,900원",[웅진]빅토리아 베리베리 500ml x 20개/유통기한 20년4월26일
"10,000원",[씨그램]씨그램 라임 450ml X20pet/음료수
"11,900원",[샘표]샘표 양조간장701 1.8L+501 500ml 특별기획
"19,880원",COZYLON 항균+살균+미세먼지 황사마스크(한가족 세트)
"10,000원",[청정원]타르타르300g+칠리365g+돈카츠250g+머스타드320g 소스
"29,450원",[후아유](현대Hmall)[W몰][후아유] 테디 유니 덤블 후드집엎 2만원대 특집(WHJJ94T17UNA 外)
"10,000원",당일발송 회색검정일회용마스크7매입x1개 3중차단흰색
"29,900원",[아이깨끗해]대용량 핸드워시 레몬 4L + 490ml 빈용기 1개
"15,300원",일회용 마스크(개별포장) 10P
"14,700원",[한일카페트]무배 터치미 SNS 인기 샤기 러그 카페트 원형/사각
"12,900원",[비비고](CJ 공식샵)비비고 만두/군만두/왕교자 6개 골라담기
"10,900원",[도리도리]도리도리 아기물티슈 100매캡 10팩+10팩 대용량 특가
"12,900원",[시크릿데이](사은품100%증정) 베스트셀러 러브 생리대 외 전라인
"8,900원",일회용마스크/3중필터/국산 면마스크/KF94
"29,900원",파아란 필터교체마스크 KF94(성인용) 가드1 필터1봉
"10,700원",[삼립]삼립 사과맛쿠키 16g x 100봉지 /밤만쥬 /누네띠네
"9,900원",[생활공작소]생활공작소 핸드워시 500ml+리필400ml 2개  청포도향
"49,900원",[농협]보성다향미20kg/쌀20kg 2019농협쌀/백미20kg/당일도정
"49,800원",대한어패럴 마스크 일회용 마스크 3팩 여성용 블랙
"23,120원",[스팸]스팸 클래식 200g 10개
"74,100원",(와이즈만북스) 미래가 온다 시리즈 1~6권 세트(전6권)
"24,900원",이지 1회용 마스크 100매 / 위생마스크 / 부직포마스크
"13,770원",유기농 유유로 만든 우유앙빵 35g x 30개 /행사중
"23,000원",사은품증정 바이오클퓨어 4L 제균스프레이 살균소독제
"30,900원",[크리넥스]순수3겹 화장지 27M 30롤x2팩/휴지
"45,500원",강블리라이프 쌀 블링미 20kg/2019년 햅쌀 당일도정
"13,500원",[스파클]스파클생수 2L 30병
"13,800원",[CJ제일제당](CJ공식샵)바삭튀겨낸 돈카츠 2개 골라담기/모짜렐라
"236,610원",[블루스카이]최대혜택가 17.9만 삼성 공기청정기 AX40R3030WMD
"17,900원",브리치X씨샵인더룸 봄신상 간절기 셔츠/니트/맨투맨
"7,900원",(고기천국) 삼겹살(구이용) 400g+400g
"30,900원",[다우니]다우니 대용량 섬유유연제 아로마플로럴 8.5L 2개 농축
"23,900원",[나무야나무야]나무야나무야 소프트3겹데코 27m 30롤 3팩/화장지
"29,000원",굿프렌드 KF80 팬더 황사마스크 아동용 일회용 마스크 10매
"13,900원",[스피디]스피디 10W 고속 무선충전기 화이트  1+1 단독한정특가
"33,500원",kf94마스크5개+코로나살균제 페스트세븐클리닉액500ml
"13,900원",[아이시스]아이시스 8.0 2L 18펫 / 생수전문배송
"16,900원",[비비고]비비고 사골곰탕 500g 16개
"13,900원",[베이비베이비]베이비베이비 아기물티슈 트윙클120매 20팩 캡형
"26,900원",CJ 비비고 왕교자1.05KGX5+찐만두168G
"47,970원",[최경주골프]파격초특가 최경주 올인원 팬츠 3종
"18,000원",클리닉크린겔 손소독제 500ml 1+1
"15,000원",[웨스트우드]웨스트우드 기본티셔츠/집업/팬츠 베스트전
"16,900원",3D 입체 면 마스크 블랙3개 검정 패션 자전거 연예인
"25,650원",가정식 생포기김치10Kg /총각/HACCP
"33,500원",코로나바이러스 살균제 페스트세븐클리닉액500ml 1+1
"25,920원",[동원에프앤비]라이트 스탠다드 100g 10캔+고추 100g 10캔
"57,500원",경기미 수향미 골드퀸3호 쌀 10kg+10kg 19년산 햅쌀
"29,100원",[메디록스]Medilox-s (4L) 무독성살균/100%살균
"29,900원",[나무야나무야]나무야 도톰한 3겹데코 30m 30롤 3팩/화장지/휴지
"237,150원",[제로](최대 189000) 위닉스 제로S 공기청정기 AZSE430-JWK
"20,280원",[진라면]진라면 매운맛 120g x 40봉
"17,900원",[오뚜기]맛있는 오뚜기밥 즉석밥 210g X 24개(1박스) 외 9종
"84,000원",유한킴벌리 청정/덴탈/어린이 50매X6박스 (300매)
"19,900원",대박난박양 롱원피스 랩원피스 하객룩 여름원피스
"19,900원",맥스크린살균소독제4L/물량확보/당일출고/퀵배송
"33,900원",[크리넥스]데코 앤 소프트 화장지 27M30롤X2팩/휴지
"47,500원",행복미 20kg 쌀 19년산 (당일도정 박스포장)
"29,900원",[모나리자]플러스 3겹 27M 30롤 4개 총120롤 화장지 휴지
"14,900원",1+1 500ml 손세정제 손소독제 병원의약외품 클린투클린
"20,000원",코지 황사마스크kf94 대형 5개들이
"36,500원",[셀퓨전씨]셀퓨전씨 단독 브랜드 특가 UPTO~62% (2/21~23까지)
"12,900원",지솔 휴대용 향균 소독제 3개입 /마스크 재사용 가능
"12,900원",뿌리는 살균 소독제 메딕브이3 소독 스프레이 500ml
"14,900원",[돌]과즙100% 머스캣 파라다이스 120ml 32팩 프리미엄 쥬스
"24,900원",쌀 10kg 2019년햅쌀(5kgx2봉)집밥/진공포장
"109,000원",라피타 IPL 레이저 제모기 제모의료기기 JOC-9000
"20,900원",[비달사순]비달사순 2000W 전문가용 헤어드라이기 VSD5129K
"47,900원",단일품종 신동진 쌀 20kg 19년산 (당일도정)
"32,000원",라짱  - A01 필터마스크 50매 마스크 일회용마스크
"12,780원",경성명과 수제 단팥빵6개 + 소보로 빵 5개 쿠폰가9320
"20,200원",[연세우유]연세우유 멸균우유 48팩
"12,900원",아이러브베베물티슈핑크100매캡형X20팩
"24,000원",3M 8710L 방진마스크-20개  미세먼지차단 작업용
"48,000원",[고려은단]고려은단 비타민C 1000 720정 건강기능식품
"20,900원",[진라면]진라면 매운맛 40봉
"85,000원",KF94 코로나 마스크 우한폐렴 바이러스 20매
"23,900원",[쿠잉]쿠잉 팬티형 특대형(26매x 4팩) 기저귀
"20,900원",30매세트 특가 3D 입체마스크 30장 특가 연예인 마스크
"52,900원",경기미 추청 아끼바레 쌀 10kg+10kg 19년산 (박스포장)
"15,590원",비비고 왕교자 1.05kg x 2개 + 김치왕교자 420g x 2개
"9,900원",아트조이 DIY 보석십자수 / DIY 명화그리기 2+1
"10,900원",[매일우유]딸기 멸균우유 200ml 24팩 /우유/매일/딸기우유
"29,800원",지솔 대용량 무알콜 향균소독제 마스크 재사용 특화
"9,900원",요즘에/봄신상10%할인/청바지/슬랙스/빅사이즈
"11,900원",[베베앙]베베앙 아기물티슈  시그니처 대용량 100매 캡형 10팩
"19,900원",[마녀김치](국산) 마녀 총각김치5kg
"20,900원",[상하목장]상하목장 유기농 멸균우유 200ML 24팩
"399,000원",[에이수스]라이젠노트북ASUS X512DA-BQ473 2020년형 인기노트북
"43,160원",[종가집]포기김치(소백) 10kg
"16,900원",강블리라이프 블링 휴 30M 3겹 30롤 X 2팩/화장지/휴지
"32,900원",[스팸]스팸 클래식 340g 10개
"24,750원",[지프](현대백화점)Jeep[지프] JK3TSU806 (남여공용) 꾸준히 사랑받는 작은로고 기본 맨투맨티셔츠
"15,900원",[짜파게티]짜파구리 너구리10봉+짜파게티10봉
"9,800원",[백산수]백산수 2L 12병 / 생수전문배송
"14,900원",[켈로그]아몬드푸레이크 600g  파우치형 3봉지
"19,700원",[백산수]백산수 2L 24병 (6PetX4팩)/생수전문배송
"7,900원",겔업 고농축 액체세제 2.5L x 4개 세탁세제 총10000ml
"15,900원",아이러브베베물티슈 아이보리72매캡형X20팩
"12,900원",[크리넥스]안심클래식 키친타올 120매 4롤 4팩 / 화장지 휴지
"47,750원",그리운 다담쌀 20kg / 최근도정
"26,100원",[신라면]농심 신라면 40봉 1박스
"51,130원",[위닉스](정품) 공기청정기필터 제로S 전용필터 CAF-I0S3
"19,600원",[대천김][대천김] 재래김/파래김/돌김 20봉(10봉 x 2세트)
"18,000원",[오랄비]오랄비 왁스치실 일반 50ml 9개
"12,300원",[릴리유]릴리유 퓨어그린 아기물티슈 캡 80매 10팩 E
"25,900원",[짜파게티]올리브짜파게티 40개입 짜파게티/짜장라면/라면
"23,670원",한예지 볼륨앤소프트 천연펄프 3겹  화장지 30롤 3팩
"4,900원",프리미엄 참쥐포 270g (27장~30장) / 건어물녀 쥐포
"35,600원",[제주삼다수]제주삼다수 2L 36병 / 생수전문배송
"191,430원",한얼교육 NEW 리더십 동화 (전70종)
"19,900원",[카파키즈]카파키즈 새학기 아동 슬리퍼/운동화 모음전
"11,640원",클린앤클리어 에센셜 훼이셜 포밍 클렌저 150ml 3개입
"20,900원",[진라면]진라면 40개/안성탕면/삼양/신라면/짜파게티/불닭
"29,900원",[씨]20%씨 외 신원여성 봄인기 자켓/트렌치/원피스외 ~89%
"24,000원",쉼표리빙 KF94 황사방역마스크 화이트 대형 5매입
"76,490원",일회용 마스크 1BOX(50p)
"9,900원",[아워홈]메추리알 장조림 200g (4+1) 총 5팩
"12,900원",[팬콧키즈]팬콧키즈 아동 봄신상 맨투맨/레깅스/팬츠 + 22%쿠폰
"32,480원",[치노시오야]치노시오야 내추럴포어 클렌징 오일
"67,000원",[철원 오대쌀]동송농협 메뚜기표 철원오대쌀 20kg 2019년산
"24,900원",[안성탕면]안성탕면 40개입
"36,720원",[햇반]햇반 흑미밥210g 36개
"24,850원",[농심](현대Hmall)농심 신라면 건면 40봉
"24,900원",[베지밀]베지밀 아몬드와호두 두유 190ml x 48팩
"18,900원",[카레여왕]카레여왕분말 108g x 8개 + 직화짜장분말80gx1개 증정
"15,900원",[아이깨끗해]대용량 손세정제 순 450ml 리필 5개
"17,900원",[오징어짬뽕]신라면+너구리+짬뽕+짜파게티 20봉
"51,130원",[위닉스](정품) 공기청정기필터 타워Q 시리즈 필터 CAF-D0S5
490원,면 100% 마스크 파격세일 재사용 가능 마스크
"1,400원",무지 일반마스크/100%국내제조/100%순면/KC인증상품
"18,900원",[테리파머]럭셔리 호텔 수건 고급수건 170g 10장 리본포장
"12,900원",[네슬레]네슬레 퓨어라이프 생수 2Lx24펫 먹는샘물 생수 물
"7,800원",3d3단마스크 코로나19예방 면마스크 검정마스크
"16,600원",[제주삼다수]제주삼다수 500ml 40병 / 생수전문배송
"251,450원",[제로](최대 199000)위닉스 공기청정기 제로3.0 AZGE500-JWK
"59,000원",푸름이닷컴 푸름이 시리즈 (전20종)
"27,500원",[아침농산]국산 농부의아침 찹쌀10kg 2019년산 햅쌀
"34,900원",[베비언스]베비언스 킨더밀쉬 1단계 200ml 24입
"29,900원",[자연지애](인지질58%)맥시멈 크릴오일 1000mg 2박스
"49,900원",TV 국내산 손질 갑오징어 200gX9팩
"16,900원",[오뚜기]오뚜기 참치/야채/고추 150g 12캔
"21,900원",[매일우유]매일 멸균우유 200ml 48팩/우유
"10,000원",[예스]예스외 봄 신상 가득 오픈+역대급 쇼핑혜택
"10,000원",당일발송 회색일회용마스크7매입x1개검정흰색
"10,900원",[팔도비빔면]팔도 비빔면 130g (5봉입) x 3팩
"32,300원",바이로비트 살균소독제 메디 4L 공병 증정 99.99%살균
"9,900원",[더나은]무료배송/10매/일회용/국산/KF94/미세먼지/황사마스크
